<BackupInst xmlns="http://www.microsoft.com/GroupPolicy/GPOOperations/Manifest"><GPOGuid><![CDATA[{1B6AAB4D-20DC-4956-9439-DD15694E2B6A}]]></GPOGuid><GPODomain><![CDATA[security.local]]></GPODomain><GPODomainGuid><![CDATA[{6f0514af-6cc4-48d1-b2ef-2310ad5fc57b}]]></GPODomainGuid><GPODomainController><![CDATA[DC-SEC-01.security.local]]></GPODomainController><BackupTime><![CDATA[2022-09-19T15:27:00]]></BackupTime><ID><![CDATA[{03A608E1-608B-4ECE-A44E-ACE3AF1ECD8B}]]></ID><Comment><![CDATA[]]></Comment><GPODisplayName><![CDATA[MSFT Windows 11 22H2 - Computer]]></GPODisplayName></BackupInst>
