<BackupInst xmlns="http://www.microsoft.com/GroupPolicy/GPOOperations/Manifest"><GPOGuid><![CDATA[{F38B9CC8-B6F7-4072-B9F3-6989269DF38B}]]></GPOGuid><GPODomain><![CDATA[security.local]]></GPODomain><GPODomainGuid><![CDATA[{6f0514af-6cc4-48d1-b2ef-2310ad5fc57b}]]></GPODomainGuid><GPODomainController><![CDATA[DC-SEC-01.security.local]]></GPODomainController><BackupTime><![CDATA[2021-12-17T14:50:18]]></BackupTime><ID><![CDATA[{7AD4F62E-9296-4FEA-9765-C4E3EEAAECC1}]]></ID><Comment><![CDATA[]]></Comment><GPODisplayName><![CDATA[MSFT Windows 10 21H2 - Credential Guard]]></GPODisplayName></BackupInst>
