<BackupInst xmlns="http://www.microsoft.com/GroupPolicy/GPOOperations/Manifest"><GPOGuid><![CDATA[{CEEA5FA1-B180-4C4F-8FA8-FD15C5B9B9BA}]]></GPOGuid><GPODomain><![CDATA[security.local]]></GPODomain><GPODomainGuid><![CDATA[{6f0514af-6cc4-48d1-b2ef-2310ad5fc57b}]]></GPODomainGuid><GPODomainController><![CDATA[DC-SEC-01.security.local]]></GPODomainController><BackupTime><![CDATA[2021-12-17T14:50:19]]></BackupTime><ID><![CDATA[{4B6589C2-0290-4764-8058-9825B56B4169}]]></ID><Comment><![CDATA[]]></Comment><GPODisplayName><![CDATA[MSFT Windows 10 21H2 - User]]></GPODisplayName></BackupInst>
